image;roepnaam;Personalia;birthdate;birthplace;Woonplaats;Anciënniteit;Leeftijd;Geslacht;Emailadres;Fractie;Volledige naam;commissies;commissie0;commissie1;commissie2;commissie3;commissie4;commissie5;commissie6;commissie7;commissie8;commissie9;commissie10;commissie11;commissie12;commissie13;commissie14;commissie15;commissie16;commissie17;commissie18;
/images/7928_tcm118-114565.jpg;Fleur Agema;;16 september 1976;Purmerend;Den Haag;1429 dagen;34;Vrouw;;Partij voor de vrijheid  (PVV);Agema, M.;Volkshuisvesting, Ruimtelijke Ordening en Milieubeheer;Verkeer en Waterstaat;Volksgezondheid, Welzijn en Sport;Bouwbegeleidingscommissie;Presidium;
/images/6367_tcm118-206726.jpg;Nebahat Albayrak;;10 april 1968;Sarkisla (Turkije);Rotterdam;3372 dagen;42;Vrouw;N.Albayrak@tweedekamer.nl;Partij van de Arbeid  (PVDA);Albayrak, N.;Europese Zaken;Economische Zaken;Justitie;Landbouw, Natuur en Voedselkwaliteit;
/images/7773_tcm118-114567.jpg;Charlie Aptroot;;20 september 1950;Den Haag;Wassenaar;2829 dagen;60;Man;C.Aptroot@tweedekamer.nl;Volkspartij voor Vrijheid en Democratie  (VVD);Aptroot, Ch.B.;Economische Zaken;Sociale Zaken en Werkgelegenheid;Volkshuisvesting, Ruimtelijke Ordening en Milieubeheer;Verkeer en Waterstaat;Bouwbegeleidingscommissie;
/images/6369_tcm118-120184.jpg;Khadija Arib;;10 oktober 1960;Hedami (Marokko);Amsterdam;4455 dagen;50;Vrouw;k.arib@tweedekamer.nl;Partij van de Arbeid  (PVDA);Arib, K.;Wonen, Wijken en Integratie;Buitenlandse Zaken;Defensie;Volksgezondheid, Welzijn en Sport;Jeugd en Gezin;Delegatie naar de Euro-Mediterrane Parlementaire Assemblee;Presidium;
/images/8050_tcm118-209077.jpg;Malik Azmani;;20 januari 1976;Heerenveen;Stegeren;134 dagen;34;Man;m.azmani@tweedekamer.nl;Volkspartij voor Vrijheid en Democratie  (VVD);Azmani, M.;Financiën;Justitie;Nederlands-Antilliaanse en Arubaanse Zaken;Sociale Zaken en Werkgelegenheid;Jeugd en Gezin;
/images/7987_tcm118-146768.jpg;Farshad Bashir;;14 januari 1988;Kabul Afganistan;Zoetermeer;1018 dagen;22;Man;f.bashir@tweedekamer.nl;Socialistische Partij  (SP);Bashir, F.;Wonen, Wijken en Integratie;Financiën;Landbouw, Natuur en Voedselkwaliteit;Nederlands-Antilliaanse en Arubaanse Zaken;Rijksuitgaven;Volkshuisvesting, Ruimtelijke Ordening en Milieubeheer;Verkeer en Waterstaat;
/images/6356_tcm118-114572.jpg;Willibrord van Beek;;15 januari 1949;Amsterdam;Maarheeze;4546 dagen;61;Man;W.vanBeek@tweedekamer.nl;Volkspartij voor Vrijheid en Democratie  (VVD);Beek, W.I.I. van;Buitenlandse Zaken;Binnenlandse Zaken en Koninkrijksrelaties;Defensie;Rijksuitgaven;
/images/8098_tcm118-209078.jpg;Harm Beertema;;9 maart 1952;Zaandam;Ouderkerk aan den Ijssel;134 dagen;58;Man;h.beertema@tweedekamer.nl;Partij voor de vrijheid  (PVV);Beertema, H.J.;Financiën;Onderwijs, Cultuur en Wetenschap;Rijksuitgaven;Volksgezondheid, Welzijn en Sport;Jeugd en Gezin;
/images/8108_tcm118-209193.jpg;Jhim van Bemmel;;15 november 1959;Boskoop;Zoetermeer;134 dagen;50;Man;j.vbemmel@tweedekamer.nl;Partij voor de vrijheid  (PVV);Bemmel, J.J.G. van;Economische Zaken;Financiën;Landbouw, Natuur en Voedselkwaliteit;Rijksuitgaven;Volkshuisvesting, Ruimtelijke Ordening en Milieubeheer;Contactgroep Frankrijk;Strategisch Overleg Informatievoorziening;
/images/8070_tcm118-209079.jpg;Magda Berndsen;;4 mei 1950;Leiden;Burdaard;134 dagen;60;Vrouw;m.berndsen@tweedekamer.nl;Democraten 66  (D66);Berndsen, M.A.;Binnenlandse Zaken en Koninkrijksrelaties;Defensie;Justitie;Jeugd en Gezin;Presidium;Commissie voor de Werkwijze;
/images/5808_tcm118-209080.jpg;Ank Bijleveld-Schouten;;17 maart 1962;Ijsselmuiden;Goor;4214 dagen;48;Vrouw;a.bijleveld-schouten@tweedekamer.nl;Christen Democratisch Appel  (CDA);Bijleveld-Schouten, A.T.B.;Vergaderingen;Plenaire vergaderingen;Commissievergaderingen;Live debatten;
/images/7904_tcm118-114574.jpg;Jack Biskop;;15 januari 1956;Roosendaal;Roosendaal;1298 dagen;54;Man;j.biskop@tweedekamer.nl;Christen Democratisch Appel  (CDA);Biskop, J.J.G.M.;Delegatie naar de Raadgevende Interparlementaire Beneluxraad;
/images/7933_tcm118-114575.jpg;Elly Blanksma-van den Heuvel;;24 september 1959;Helmond;Eindhoven;1429 dagen;51;Vrouw;e.blanksma@tweedekamer.nl;Christen Democratisch Appel  (CDA);Blanksma-van den Heuvel, P.J.M.G.;Defensie;Economische Zaken;Financiën;Rijksuitgaven;Sociale Zaken en Werkgelegenheid;Jeugd en Gezin;Delegatie naar de Raadgevende Interparlementaire Beneluxraad;Commissie voor de Verzoekschriften en de Burgerinitiatieven;
/images/6391_tcm118-114576.jpg;Stef Blok;;10 december 1964;Noordoostpolder;Den Haag;4345 dagen;45;Man;S.Blok@tweedekamer.nl;Volkspartij voor Vrijheid en Democratie  (VVD);Blok, S.A.;Defensie;Financiën;Rijksuitgaven;Sociale Zaken en Werkgelegenheid;Jeugd en Gezin;Contactgroep Frankrijk;Presidium;Commissie voor de Verzoekschriften en de Burgerinitiatieven;
/images/7669_tcm118-114578.jpg;Bas Jan Van Bochove;;3 oktober 1950;Ermelo;Lelystad;2950 dagen;60;Man;B.vBochove@tweedekamer.nl;Christen Democratisch Appel  (CDA);Bochove, B.J. Van;Vergaderingen;Plenaire vergaderingen;Commissievergaderingen;Live debatten;
/images/8048_tcm118-209082.jpg;Betty de Boer;;2 september 1971;Achtkarspelen;Groningen;134 dagen;39;Vrouw;b.dboer@tweedekamer.nl;Volkspartij voor Vrijheid en Democratie  (VVD);Boer, B.G. de;Wonen, Wijken en Integratie;Financiën;Volkshuisvesting, Ruimtelijke Ordening en Milieubeheer;Jeugd en Gezin;
/images/6366_tcm118-114580.jpg;Harry van Bommel;;24 juni 1962;Helmond;Diemen;4546 dagen;48;Man;HvBommel@sp.nl;Socialistische Partij  (SP);Bommel, H. van;Buitenlandse Zaken;Binnenlandse Zaken en Koninkrijksrelaties;Defensie;Nederlands-Antilliaanse en Arubaanse Zaken;Onderwijs, Cultuur en Wetenschap;Delegatie naar de Navo Assemblee;Delegatie naar de OVSE-Assemblee;Presidium;Commissie voor de Werkwijze;
/images/8088_tcm118-209083.jpg;Louis Bontes;;28 februari 1956;Rotterdam;Hellevoetsluis;134 dagen;54;Man;l.bontes@tweedekamer.nl;Partij voor de vrijheid  (PVV);Bontes, L.;Buitenlandse Zaken;Binnenlandse Zaken en Koninkrijksrelaties;Defensie;Europese Zaken;Justitie;Volkshuisvesting, Ruimtelijke Ordening en Milieubeheer;Commissie voor de Werkwijze;
/images/7919_tcm118-114582.jpg;Martin Bosma;;16 juli 1964;Wormer;Amsterdam;1429 dagen;46;Man;;Partij voor de vrijheid  (PVV);Bosma, M.;Onderwijs, Cultuur en Wetenschap;Volksgezondheid, Welzijn en Sport;Jeugd en Gezin;
/images/8058_tcm118-209084.jpg;André Bosman;;20 januari 1965;Maarn;Middelburg;134 dagen;45;Man;a.bosman@tweedekamer.nl;Volkspartij voor Vrijheid en Democratie  (VVD);Bosman, A.;Binnenlandse Zaken en Koninkrijksrelaties;Defensie;Landbouw, Natuur en Voedselkwaliteit;Nederlands-Antilliaanse en Arubaanse Zaken;Onderwijs, Cultuur en Wetenschap;
/images/7885_tcm118-114584.jpg;Lea Bouwmeester;;3 oktober 1979;Hoogeveen;Almere;1429 dagen;31;Vrouw;l.bouwmeester@tweedekamer.nl;Partij van de Arbeid  (PVDA);Bouwmeester, L.T.;Wonen, Wijken en Integratie;Financiën;Justitie;Volksgezondheid, Welzijn en Sport;Jeugd en Gezin;Contactgroep Verenigd Koninkrijk;
/images/8039_tcm118-209085.jpg;Bruno Braakhuis;;10 juli 1961;Haarlem;Haarlem;134 dagen;49;Man;b.braakhuis@tweedekamer.nl;GroenLinks  (GL);Braakhuis, B.A.M.;Buitenlandse Zaken;Defensie;Europese Zaken;Economische Zaken;Financiën;Landbouw, Natuur en Voedselkwaliteit;Onderwijs, Cultuur en Wetenschap;Rijksuitgaven;Volkshuisvesting, Ruimtelijke Ordening en Milieubeheer;Verkeer en Waterstaat;Tijdelijke commissie onderzoek financieel stelsel;
/images/7882_tcm118-114585.jpg;Hero Brinkman;;29 december 1964;Almelo;Middenbeemster;1429 dagen;45;Man;;Partij voor de vrijheid  (PVV);Brinkman, H.;Wonen, Wijken en Integratie;Binnenlandse Zaken en Koninkrijksrelaties;Defensie;Nederlands-Antilliaanse en Arubaanse Zaken;
/images/7892_tcm118-114586.jpg;Han ten Broeke;;2 maart 1969;Haaksbergen;Haaksbergen;1429 dagen;41;Man;hantenbroeke@tweedekamer.nl;Volkspartij voor Vrijheid en Democratie  (VVD);Broeke, J.H. ten;Buitenlandse Zaken;Defensie;Europese Zaken;Financiën;Contactgroep België;Delegatie naar de OVSE-Assemblee;Delegatie naar de Parlementaire Vergadering van de Raad van Europa;Europese Veiligheids- en Defensie Assemblee;Tijdelijke commissie subsidiariteitstoets;
/images/8016_tcm118-209086.jpg;Hanke Bruins Slot;;20 oktober 1977;Apeldoorn;Utrecht;134 dagen;33;Vrouw;h.bruins-slot@tweedekamer.nl;Christen Democratisch Appel  (CDA);Bruins Slot, H.G.J.;Buitenlandse Zaken;Binnenlandse Zaken en Koninkrijksrelaties;Defensie;Europese Zaken;Volksgezondheid, Welzijn en Sport;
/images/7908_tcm118-114587.jpg;Brigitte van der Burg;;7 april 1961;Tanga (Tanzania);Bergschenhoek;1429 dagen;49;Vrouw;brigitte.vdburg@tweedekamer.nl;Volkspartij voor Vrijheid en Democratie  (VVD);Burg, B.I. van der;Binnenlandse Zaken en Koninkrijksrelaties;Justitie;Onderwijs, Cultuur en Wetenschap;Sociale Zaken en Werkgelegenheid;Jeugd en Gezin;
/images/8026_tcm118-209087.jpg;Metin Çelik;;3 april 1970;Gölcük (Tukije);Rotterdam;134 dagen;40;Man;m.celik@tweedekamer.nl;Partij van de Arbeid  (PVDA);Çelik, M.;Binnenlandse Zaken en Koninkrijksrelaties;Onderwijs, Cultuur en Wetenschap;Sociale Zaken en Werkgelegenheid;
/images/8019_tcm118-209088.jpg;Job Cohen;;18 oktober 1947;Haarlem;Amsterdam;134 dagen;63;Man;j.cohen@tweedekamer.nl;Partij van de Arbeid  (PVDA);Cohen, M.J.;Commissie voor de Inlichtingen- en Veiligheidsdiensten;
/images/7648_tcm118-114590.jpg;Coskun Çörüz;;15 augustus 1963;Konakören (Turkije);Haarlem;3440 dagen;47;Man;C.Coruz@tweedekamer.nl;Christen Democratisch Appel  (CDA);Çörüz, C.;Buitenlandse Zaken;Binnenlandse Zaken en Koninkrijksrelaties;Defensie;Europese Zaken;Justitie;Nederlands-Antilliaanse en Arubaanse Zaken;Jeugd en Gezin;Commissie voor de Verzoekschriften en de Burgerinitiatieven;
/images/7792_tcm118-114593.jpg;Martijn van Dam;;1 februari 1978;Zoetermeer;Utrecht;2829 dagen;32;Man;M.vDam@tweedekamer.nl;Partij van de Arbeid  (PVDA);Dam, M.H.P. van;Buitenlandse Zaken;Defensie;Europese Zaken;Economische Zaken;Landbouw, Natuur en Voedselkwaliteit;Onderwijs, Cultuur en Wetenschap;Delegatie naar de Navo Assemblee;
/images/8027_tcm118-209089.jpg;Tjeerd van Dekken;;14 mei 1967;Marum (Gr.);Groningen;134 dagen;43;Man;t.vdekken@tweedekamer.nl;Partij van de Arbeid  (PVDA);Dekken, T.R. van;Wonen, Wijken en Integratie;Landbouw, Natuur en Voedselkwaliteit;Volkshuisvesting, Ruimtelijke Ordening en Milieubeheer;Verkeer en Waterstaat;Volksgezondheid, Welzijn en Sport;
/images/7822_tcm118-114595.jpg;Ineke Dezentjé Hamming-Bluemink;;15 september 1954;Amsterdam;Numansdorp;2705 dagen;56;Vrouw;I.Dezentjehamming@tweedekamer.nl;Volkspartij voor Vrijheid en Democratie  (VVD);Dezentjé Hamming-Bluemink, I.;Wonen, Wijken en Integratie;Onderwijs, Cultuur en Wetenschap;Sociale Zaken en Werkgelegenheid;Jeugd en Gezin;Contactgroep Duitsland;Kunstcommissie;Commissie voor de Verzoekschriften en de Burgerinitiatieven;
/images/7891_tcm118-114596.jpg;Tofik Dibi;;19 november 1980;Vlissingen;Amsterdam;1429 dagen;29;Man;;GroenLinks  (GL);Dibi, T.;Wonen, Wijken en Integratie;Binnenlandse Zaken en Koninkrijksrelaties;Justitie;Nederlands-Antilliaanse en Arubaanse Zaken;Jeugd en Gezin;
/images/7880_tcm118-114597.jpg;Tony van Dijck;;13 september 1963;Venlo;Venlo;1429 dagen;47;Man;t.vdijck@tweedekamer.nl;Partij voor de vrijheid  (PVV);Dijck, A.P.C. van;Economische Zaken;Financiën;Landbouw, Natuur en Voedselkwaliteit;Rijksuitgaven;Sociale Zaken en Werkgelegenheid;
/images/7927_tcm118-114598.jpg;Jasper van Dijk;;20 april 1971;Jutphaas;Amsterdam;1429 dagen;39;Man;jasper.vdijk@tweedekamer.nl;Socialistische Partij  (SP);Dijk, J.J. van;Buitenlandse Zaken;Defensie;Europese Zaken;Nederlands-Antilliaanse en Arubaanse Zaken;Onderwijs, Cultuur en Wetenschap;Kunstcommissie;
/images/8064_tcm118-209090.jpg;Elbert Dijkgraaf;;6 januari 1970;Almelo;Rotterdam;134 dagen;40;Man;e.dijkgraaf@tweedekamer.nl;Staatkundig Gereformeerde Partij  (SGP);Dijkgraaf, E.;Wonen, Wijken en Integratie;Buitenlandse Zaken;Binnenlandse Zaken en Koninkrijksrelaties;Defensie;Europese Zaken;Economische Zaken;Financiën;Justitie;Landbouw, Natuur en Voedselkwaliteit;Nederlands-Antilliaanse en Arubaanse Zaken;Onderwijs, Cultuur en Wetenschap;Rijksuitgaven;Sociale Zaken en Werkgelegenheid;Volkshuisvesting, Ruimtelijke Ordening en Milieubeheer;Verkeer en Waterstaat;Volksgezondheid, Welzijn en Sport;Jeugd en Gezin;Presidium;
/images/8055_tcm118-209091.jpg;Klaas Dijkhoff;;13 januari 1981;Soltau (Duitsland);Breda;134 dagen;29;Man;k.dijkhoff@tweedekamer.nl;Volkspartij voor Vrijheid en Democratie  (VVD);Dijkhoff, K.H.D.M.;Wonen, Wijken en Integratie;Buitenlandse Zaken;Defensie;Europese Zaken;Nederlands-Antilliaanse en Arubaanse Zaken;
/images/6100_tcm118-209092.jpg;Sharon Dijksma;;16 april 1971;Groningen;Enschede;4799 dagen;39;Vrouw;S.Dijksma@tweedekamer.nl;Partij van de Arbeid  (PVDA);Dijksma, S.A.M.;Binnenlandse Zaken en Koninkrijksrelaties;Nederlands-Antilliaanse en Arubaanse Zaken;Verkeer en Waterstaat;
/images/8079_tcm118-209093.jpg;Pia Dijkstra;;9 december 1954;Franeker;Utrecht;134 dagen;55;Vrouw;p.dijkstra@tweedekamer.nl;Democraten 66  (D66);Dijkstra, P.A.;Onderwijs, Cultuur en Wetenschap;Sociale Zaken en Werkgelegenheid;Volksgezondheid, Welzijn en Sport;Jeugd en Gezin;
/images/6614_tcm118-114601.jpg;Jeroen Dijsselbloem;;29 maart 1966;Eindhoven;Wageningen;3686 dagen;44;Man;J.Dijsselbloem@tweedekamer.nl;Partij van de Arbeid  (PVDA);Dijsselbloem, J.R.V.A.;Wonen, Wijken en Integratie;Justitie;Nederlands-Antilliaanse en Arubaanse Zaken;Sociale Zaken en Werkgelegenheid;Volkshuisvesting, Ruimtelijke Ordening en Milieubeheer;Jeugd en Gezin;Contactgroep Verenigd Koninkrijk;Commissie voor het Onderzoek van de Geloofsbrieven;Commissie voor de Werkwijze;
/images/8024_tcm118-209094.jpg;Sjoera Dikkers;;14 juli 1969;Deventer;Haarlem;134 dagen;41;Vrouw;s.dikkers@tweedekamer.nl;Partij van de Arbeid  (PVDA);Dikkers, S.W.;Buitenlandse Zaken;Europese Zaken;Landbouw, Natuur en Voedselkwaliteit;
/images/8096_tcm118-209095.jpg;Willie Dille;;2 juni 1965;Den Haag;Den Haag;134 dagen;45;Vrouw;w.dille@tweedekamer.nl;Partij voor de vrijheid  (PVV);Dille, W.R.;Onderwijs, Cultuur en Wetenschap;Sociale Zaken en Werkgelegenheid;Volksgezondheid, Welzijn en Sport;Jeugd en Gezin;
/images/8092_tcm118-209096.jpg;Johan Driessen;;4 juni 1981;Cuijk en Sint Agatha;Den Haag;134 dagen;29;Man;j.driessen@tweedekamer.nl;Partij voor de vrijheid  (PVV);Driessen, J.H.A.;Wonen, Wijken en Integratie;Buitenlandse Zaken;Europese Zaken;Justitie;
/images/7799_tcm118-114604.jpg;Angelien Eijsink;;1 april 1960;Haaksbergen;Den Haag;2829 dagen;50;Vrouw;A.Eijsink@tweedekamer.nl;Partij van de Arbeid  (PVDA);Eijsink, A.M.C.;Buitenlandse Zaken;Defensie;Europese Zaken;Landbouw, Natuur en Voedselkwaliteit;Jeugd en Gezin;Delegatie naar de Navo Assemblee;
/images/8040_tcm118-209097.jpg;Arjan El Fassed;;5 augustus 1973;Vlaardingen;Utrecht;134 dagen;37;Man;a.elfassed@tweedekamer.nl;GroenLinks  (GL);El Fassed, A.;Wonen, Wijken en Integratie;Buitenlandse Zaken;Defensie;Europese Zaken;Economische Zaken;Landbouw, Natuur en Voedselkwaliteit;Volkshuisvesting, Ruimtelijke Ordening en Milieubeheer;
/images/7993_tcm118-178678.jpg;Ton Elias;;14 maart 1955;Den Haag;Den Haag;680 dagen;55;Man;m.vhasselt@tweedekamer.nl;Volkspartij voor Vrijheid en Democratie  (VVD);Elias, T.M.Ch.;Justitie;Landbouw, Natuur en Voedselkwaliteit;Onderwijs, Cultuur en Wetenschap;Volksgezondheid, Welzijn en Sport;Commissie voor de Werkwijze;
/images/8109_tcm118-209195.jpg;Andre Elissen;;12 februari 1960;Frechen (Duitsland);Den Haag;134 dagen;50;Man;a.elissen@tweedekamer.nl;Partij voor de vrijheid  (PVV);Elissen, A.;Binnenlandse Zaken en Koninkrijksrelaties;Europese Zaken;Justitie;Nederlands-Antilliaanse en Arubaanse Zaken;Commissie voor de Verzoekschriften en de Burgerinitiatieven;
/images/7678_tcm118-114605.jpg;Kathleen Ferrier;;8 maart 1957;Paramaribo (Suriname);Leusden;3081 dagen;53;Vrouw;K.Ferrier@tweedekamer.nl;Christen Democratisch Appel  (CDA);Ferrier, K.G.;Buitenlandse Zaken;Defensie;Europese Zaken;Onderwijs, Cultuur en Wetenschap;Volksgezondheid, Welzijn en Sport;Jeugd en Gezin;Delegatie naar de Euro-Mediterrane Parlementaire Assemblee;Delegatie naar de OVSE-Assemblee;
/images/7901_tcm118-114606.jpg;Sietse Fritsma;;31 maart 1972;Franeker;Den Haag;1429 dagen;38;Man;;Partij voor de vrijheid  (PVV);Fritsma, S.R.;Wonen, Wijken en Integratie;Justitie;Nederlands-Antilliaanse en Arubaanse Zaken;Sociale Zaken en Werkgelegenheid;
/images/6365_tcm118-114609.jpg;Ineke van Gent;;21 juni 1957;Arnhem;Groningen;4546 dagen;53;Vrouw;W.vGent@tweedekamer.nl;GroenLinks  (GL);Gent, W. van;Binnenlandse Zaken en Koninkrijksrelaties;Financiën;Landbouw, Natuur en Voedselkwaliteit;Nederlands-Antilliaanse en Arubaanse Zaken;Onderwijs, Cultuur en Wetenschap;Rijksuitgaven;Verkeer en Waterstaat;Presidium;Commissie voor de Verzoekschriften en de Burgerinitiatieven;Commissie voor de Werkwijze;
/images/8093_tcm118-209098.jpg;Karen Gerbrands;;29 augustus 1967;Delft;Den Haag;134 dagen;43;Vrouw;k.gerbrands@tweedekamer.nl;Partij voor de vrijheid  (PVV);Gerbrands, K.;Landbouw, Natuur en Voedselkwaliteit;Onderwijs, Cultuur en Wetenschap;Rijksuitgaven;Sociale Zaken en Werkgelegenheid;Volksgezondheid, Welzijn en Sport;
/images/7894_tcm118-114611.jpg;Henk van Gerven;;11 maart 1955;Riethoven;Oss;1429 dagen;55;Man;h.vgerven@tweedekamer.nl;Socialistische Partij  (SP);Gerven, H.P.J. van;Wonen, Wijken en Integratie;Landbouw, Natuur en Voedselkwaliteit;Volkshuisvesting, Ruimtelijke Ordening en Milieubeheer;Verkeer en Waterstaat;Volksgezondheid, Welzijn en Sport;
/images/7923_tcm118-114612.jpg;Sharon Gesthuizen;;23 januari 1976;Nijmegen;Haarlem;1429 dagen;34;Vrouw;s.gesthuizen@tweedekamer.nl;Socialistische Partij  (SP);Gesthuizen, S.M.J.G.;Binnenlandse Zaken en Koninkrijksrelaties;Economische Zaken;Financiën;Justitie;Rijksuitgaven;Commissie voor het Onderzoek van de Geloofsbrieven;Strategisch Overleg Informatievoorziening;
/images/7903_tcm118-114615.jpg;Dion Graus;;19 maart 1967;Heerlen;Heerlen;1429 dagen;43;Man;d.graus@tweedekamer.nl;Partij voor de vrijheid  (PVV);Graus, D.J.G.;Economische Zaken;Financiën;Landbouw, Natuur en Voedselkwaliteit;Rijksuitgaven;Verkeer en Waterstaat;Tijdelijke commissie onderzoek financieel stelsel;
/images/8023_tcm118-209099.jpg;Ed Groot;;26 december 1957;Grootebroek;Amsterdam;134 dagen;52;Man;e.groot@tweedekamer.nl;Partij van de Arbeid  (PVDA);Groot, V.A.;Europese Zaken;Economische Zaken;Financiën;Rijksuitgaven;Volkshuisvesting, Ruimtelijke Ordening en Milieubeheer;Verkeer en Waterstaat;
/images/8072_tcm118-209100.jpg;Wassila Hachchi;;6 januari 1980;Rotterdam;Haarlem;134 dagen;30;Vrouw;w.hachchi@tweedekamer.nl;Democraten 66  (D66);Hachchi, W.;Buitenlandse Zaken;Binnenlandse Zaken en Koninkrijksrelaties;Defensie;Europese Zaken;Justitie;Nederlands-Antilliaanse en Arubaanse Zaken;
/images/7683_tcm118-114617.jpg;Sybrand van Haersma Buma;;30 juli 1965;Workum;Voorburg;3081 dagen;45;Man;S.Buma@tweedekamer.nl;Christen Democratisch Appel  (CDA);Haersma Buma, S. van;Wonen, Wijken en Integratie;Binnenlandse Zaken en Koninkrijksrelaties;Financiën;Justitie;Rijksuitgaven;Contactgroep Duitsland;Presidium;
/images/6349_tcm118-114618.jpg;Femke Halsema;;25 april 1966;Haarlem;Amsterdam;4546 dagen;44;Vrouw;F.Halsema@tweedekamer.nl;GroenLinks  (GL);Halsema, F.;Buitenlandse Zaken;Defensie;Financiën;Justitie;Nederlands-Antilliaanse en Arubaanse Zaken;Rijksuitgaven;Volksgezondheid, Welzijn en Sport;Jeugd en Gezin;Contactgroep Verenigd Koninkrijk;Commissie voor de Inlichtingen- en Veiligheidsdiensten;
/images/7684_tcm118-114619.jpg;Boris van der Ham;;29 augustus 1973;Amsterdam;Amsterdam;3081 dagen;37;Man;B.vHam@tweedekamer.nl;Democraten 66  (D66);Ham, B. van der;Landbouw, Natuur en Voedselkwaliteit;Onderwijs, Cultuur en Wetenschap;Sociale Zaken en Werkgelegenheid;Volkshuisvesting, Ruimtelijke Ordening en Milieubeheer;Verkeer en Waterstaat;Volksgezondheid, Welzijn en Sport;Jeugd en Gezin;Tijdelijke commissie subsidiariteitstoets;
/images/6382_tcm118-114620.jpg;Mariëtte Hamer;;7 juni 1958;Amsterdam;Maassluis;4546 dagen;52;Vrouw;M.Hamer@tweedekamer.nl;Partij van de Arbeid  (PVDA);Hamer, M.I.;Onderwijs, Cultuur en Wetenschap;Rijksuitgaven;Sociale Zaken en Werkgelegenheid;Jeugd en Gezin;Presidium;
/images/8004_tcm118-198068.jpg;Mark Harbers;;19 april 1969;Ede;Rotterdam;332 dagen;41;Man;m.harbers@tweedekamer.nl;Volkspartij voor Vrijheid en Democratie  (VVD);Harbers, M.G.J.;Buitenlandse Zaken;Europese Zaken;Landbouw, Natuur en Voedselkwaliteit;Onderwijs, Cultuur en Wetenschap;Verkeer en Waterstaat;
/images/7761_tcm118-114621.jpg;Maarten Haverkamp;;15 maart 1974;Langbroek;Nederhorst den Berg;2886 dagen;36;Man;M.Haverkamp@tweedekamer.nl;Christen Democratisch Appel  (CDA);Haverkamp, M.C.;Delegatie naar de Navo Assemblee;
/images/7950_tcm118-120188.jpg;Pierre Heijnen;;5 oktober 1953;Den Haag;Den Haag;1338 dagen;57;Man;p.heijnen@tweedekamer.nl;Partij van de Arbeid  (PVDA);Heijnen, P.M.M.;Wonen, Wijken en Integratie;Binnenlandse Zaken en Koninkrijksrelaties;Financiën;Nederlands-Antilliaanse en Arubaanse Zaken;Rijksuitgaven;Sociale Zaken en Werkgelegenheid;Bouwbegeleidingscommissie;Commissie voor de Werkwijze;
/images/8087_tcm118-209101.jpg;Lilian Helder;;30 mei 1973;Venlo;Venlo;134 dagen;37;Vrouw;l.helder@tweedekamer.nl;Partij voor de vrijheid  (PVV);Helder, L.M.J.S.;Binnenlandse Zaken en Koninkrijksrelaties;Defensie;Justitie;Nederlands-Antilliaanse en Arubaanse Zaken;Contactgroep Duitsland;Commissie voor het Onderzoek van de Geloofsbrieven;
/images/8047_tcm118-209102.jpg;Jeanine Hennis-Plasschaert;;7 april 1973;Heerlen;Nederhorst den Berg;134 dagen;37;Vrouw;j.hennis-plasschaert@tweedekamer.nl;Volkspartij voor Vrijheid en Democratie  (VVD);Hennis-Plasschaert, J.A.;Binnenlandse Zaken en Koninkrijksrelaties;Europese Zaken;Justitie;Sociale Zaken en Werkgelegenheid;
/images/8095_tcm118-209076.jpg;Marcial Hernandez;;20 april 1974;Zaanstad;Kampen;134 dagen;36;Man;m.hernandez@tweedekamer.nl;Partij voor de vrijheid  (PVV);Hernandez, M.M.;Wonen, Wijken en Integratie;Buitenlandse Zaken;Binnenlandse Zaken en Koninkrijksrelaties;Defensie;
/images/7827_tcm118-114625.jpg;Eddy van Hijum;;17 april 1972;Delft;Laag Zuthem;2614 dagen;38;Man;E.vHijum@tweedekamer.nl;Christen Democratisch Appel  (CDA);Hijum, Y.J. van;Wonen, Wijken en Integratie;Economische Zaken;Financiën;Nederlands-Antilliaanse en Arubaanse Zaken;Onderwijs, Cultuur en Wetenschap;Rijksuitgaven;Sociale Zaken en Werkgelegenheid;Verkeer en Waterstaat;Tijdelijke commissie onderzoek financieel stelsel;
/images/8063_tcm118-213156.jpg;Johan Houwers;;4 oktober 1957;Winterswijk;Winterswijk Woold;3 dagen;53;Man;j.houwers@tweedekamer.nl;Volkspartij voor Vrijheid en Democratie  (VVD);Houwers, J.;Vergaderingen;Plenaire vergaderingen;Commissievergaderingen;Live debatten;
/images/8102_tcm118-213160.jpg;Matthijs Huizing;;10 oktober 1960;Leiden;Oegstgeest;3 dagen;50;Man;m.huizing@tweedekamer.nl;Volkspartij voor Vrijheid en Democratie  (VVD);Huizing, M.E.;Vergaderingen;Plenaire vergaderingen;Commissievergaderingen;Live debatten;
/images/7863_tcm118-114629.jpg;Ewout Irrgang;;20 juli 1976;Utrecht;Amsterdam;1849 dagen;34;Man;E.Irrgang@tweedekamer.nl;Socialistische Partij  (SP);Irrgang, E.;Buitenlandse Zaken;Defensie;Europese Zaken;Economische Zaken;Financiën;Rijksuitgaven;Sociale Zaken en Werkgelegenheid;
/images/8028_tcm118-209103.jpg;Tanja Jadnanansing;;26 april 1967;Leiden;Amsterdam;134 dagen;43;Vrouw;t.jadnanansing@tweedekamer.nl;Partij van de Arbeid  (PVDA);Jadnanansing, T.M.;Economische Zaken;Onderwijs, Cultuur en Wetenschap;Jeugd en Gezin;
/images/7921_tcm118-114632.jpg;Paulus Jansen;;2 maart 1954;Roermond;Utrecht;1429 dagen;56;Man;pjansen@sp.nl;Socialistische Partij  (SP);Jansen, P.F.C.;Wonen, Wijken en Integratie;Economische Zaken;Landbouw, Natuur en Voedselkwaliteit;Volkshuisvesting, Ruimtelijke Ordening en Milieubeheer;Verkeer en Waterstaat;Bouwbegeleidingscommissie;
/images/8097_tcm118-209105.jpg;Léon de Jong;;31 augustus 1982;Gouda;Maarssen;134 dagen;28;Man;leon.djong@tweedekamer.nl;Partij voor de vrijheid  (PVV);Jong, L.W.E. de;Economische Zaken;Financiën;Sociale Zaken en Werkgelegenheid;Verkeer en Waterstaat;Jeugd en Gezin;
/images/7922_tcm118-114637.jpg;Sadet Karabulut;;28 april 1975;Dordrecht;Amsterdam;1429 dagen;35;Vrouw;skarabulut@sp.nl;Socialistische Partij  (SP);Karabulut, S.;Wonen, Wijken en Integratie;Economische Zaken;Financiën;Landbouw, Natuur en Voedselkwaliteit;Sociale Zaken en Werkgelegenheid;Verkeer en Waterstaat;Jeugd en Gezin;Delegatie naar de Raadgevende Interparlementaire Beneluxraad;
/images/8038_tcm118-209106.jpg;Jesse Klaver;;1 mei 1986;Roosendaal;Den Haag;134 dagen;24;Man;j.klaver@tweedekamer.nl;GroenLinks  (GL);Klaver, J.F.;Economische Zaken;Onderwijs, Cultuur en Wetenschap;Sociale Zaken en Werkgelegenheid;Volksgezondheid, Welzijn en Sport;
/images/8094_tcm118-209107.jpg;Joram van Klaveren;;23 januari 1979;Amsterdam;Almere;134 dagen;31;Man;j.vklaveren@tweedekamer.nl;Partij voor de vrijheid  (PVV);Klaveren, J.J. van;Wonen, Wijken en Integratie;Onderwijs, Cultuur en Wetenschap;Sociale Zaken en Werkgelegenheid;Verkeer en Waterstaat;Jeugd en Gezin;
/images/8021_tcm118-209108.jpg;Jetta Klijnsma;;18 maart 1957;Hoogeveen;Den Haag;134 dagen;53;Vrouw;j.klijnsma@tweedekamer.nl;Partij van de Arbeid  (PVDA);Klijnsma, J.;Economische Zaken;Onderwijs, Cultuur en Wetenschap;Sociale Zaken en Werkgelegenheid;Volksgezondheid, Welzijn en Sport;
/images/7865_tcm118-120190.jpg;Raymond Knops;;10 november 1971;Horst;Meterik;1671 dagen;38;Man;r.knops@tweedekamer.nl;Christen Democratisch Appel  (CDA);Knops, R.W.;Wonen, Wijken en Integratie;Buitenlandse Zaken;Binnenlandse Zaken en Koninkrijksrelaties;Defensie;Delegatie naar de Raadgevende Interparlementaire Beneluxraad;Delegatie naar de Navo Assemblee;
/images/8099_tcm118-209110.jpg;Nine Kooiman;;9 december 1980;Vleuten-De Meern;Den Haag;134 dagen;29;Vrouw;n.kooiman@tweedekamer.nl;Socialistische Partij  (SP);Kooiman, C.J.E.;Justitie;Onderwijs, Cultuur en Wetenschap;Sociale Zaken en Werkgelegenheid;Volksgezondheid, Welzijn en Sport;Jeugd en Gezin;
/images/8074_tcm118-209111.jpg;Wouter Koolmees;;20 maart 1977;Capelle aan den IJssel;Rotterdam;134 dagen;33;Man;w.koolmees@tweedekamer.nl;Democraten 66  (D66);Koolmees, W.;Wonen, Wijken en Integratie;Economische Zaken;Financiën;Landbouw, Natuur en Voedselkwaliteit;Rijksuitgaven;Volkshuisvesting, Ruimtelijke Ordening en Milieubeheer;Verkeer en Waterstaat;Volksgezondheid, Welzijn en Sport;
/images/7695_tcm118-114640.jpg;Ger Koopmans;;14 augustus 1962;Velden;Velden;3081 dagen;48;Man;G.Koopmans@tweedekamer.nl;Christen Democratisch Appel  (CDA);Koopmans, G.P.J.;Wonen, Wijken en Integratie;Economische Zaken;Landbouw, Natuur en Voedselkwaliteit;Verkeer en Waterstaat;
/images/7898_tcm118-114641.jpg;Ad Koppejan;;2 oktober 1962;Zoutelande;Zoutelande;1429 dagen;48;Man;a.koppejan@tweedekamer.nl;Christen Democratisch Appel  (CDA);Koppejan, A.J.;Europese Zaken;Economische Zaken;Financiën;Landbouw, Natuur en Voedselkwaliteit;Rijksuitgaven;Sociale Zaken en Werkgelegenheid;Volkshuisvesting, Ruimtelijke Ordening en Milieubeheer;Verkeer en Waterstaat;Delegatie naar de Raadgevende Interparlementaire Beneluxraad;
/images/8107_tcm118-209191.jpg;Wim Kortenoeven;;29 mei 1955;Voorburg;Den Haag;134 dagen;55;Man;w.kortenoeven@tweedekamer.nl;Partij voor de vrijheid  (PVV);Kortenoeven, W.R.F.;Buitenlandse Zaken;Defensie;Europese Zaken;Nederlands-Antilliaanse en Arubaanse Zaken;Contactgroep Verenigd Koninkrijk;Kunstcommissie;
/images/7855_tcm118-114644.jpg;Fatma Koşer Kaya;;20 februari 1968;Çarsamba (Turkije);Den Haag;2242 dagen;42;Vrouw;f.koserkaya@tweedekamer.nl;Democraten 66  (D66);Koşer Kaya, F.;Financiën;Nederlands-Antilliaanse en Arubaanse Zaken;Onderwijs, Cultuur en Wetenschap;Rijksuitgaven;Sociale Zaken en Werkgelegenheid;Volksgezondheid, Welzijn en Sport;Jeugd en Gezin;Tijdelijke commissie onderzoek financieel stelsel;
/images/7884_tcm118-114646.jpg;Attje Kuiken;;27 oktober 1977;Groningen;Breda;1317 dagen;33;Vrouw;a.kuiken@tweedekamer.nl;Partij van de Arbeid  (PVDA);Kuiken, A.H.;Binnenlandse Zaken en Koninkrijksrelaties;Nederlands-Antilliaanse en Arubaanse Zaken;Rijksuitgaven;
/images/8060_tcm118-213150.jpg;René Leegte;;8 juli 1968;Den Haag;Amersfoort;3 dagen;42;Man;r.leegte@tweedekamer.nl;Volkspartij voor Vrijheid en Democratie  (VVD);Leegte, R.W.;Vergaderingen;Plenaire vergaderingen;Commissievergaderingen;Live debatten;
/images/7925_tcm118-114650.jpg;Renske Leijten;;17 maart 1979;Leiden;Haarlem;1429 dagen;31;Vrouw;r.leijten@tweedekamer.nl;Socialistische Partij  (SP);Leijten, R.M.;Volksgezondheid, Welzijn en Sport;Jeugd en Gezin;
/images/8101_tcm118-213158.jpg;Bart De Liefde;;18 september 1976;Londen;Den Haag;3 dagen;34;Man;b.dliefde@tweedekamer.nl;Volkspartij voor Vrijheid en Democratie  (VVD);Liefde, B.C. de;Vergaderingen;Plenaire vergaderingen;Commissievergaderingen;Live debatten;
/images/8056_tcm118-209112.jpg;Helma Lodders;;21 juni 1968;Klundert;Zeewolde;134 dagen;42;Vrouw;h.lodders@tweedekamer.nl;Volkspartij voor Vrijheid en Democratie  (VVD);Lodders, W.J.H.;Wonen, Wijken en Integratie;Economische Zaken;Landbouw, Natuur en Voedselkwaliteit;Verkeer en Waterstaat;
/images/8089_tcm118-209113.jpg;Eric Lucassen;;12 november 1974;Amsterdam;Zandvoort;134 dagen;35;Man;e.lucassen@tweedekamer.nl;Partij voor de vrijheid  (PVV);Lucassen, E.;Wonen, Wijken en Integratie;Defensie;Nederlands-Antilliaanse en Arubaanse Zaken;
/images/8057_tcm118-209114.jpg;Anne-Wil Lucas-Smeerdijk;;10 januari 1975;Warnsveld;Bakkeveen;134 dagen;35;Vrouw;a.lucas-smeerdijk@tweedekamer.nl;Volkspartij voor Vrijheid en Democratie  (VVD);Lucas-Smeerdijk, A.W.;Wonen, Wijken en Integratie;Landbouw, Natuur en Voedselkwaliteit;Volkshuisvesting, Ruimtelijke Ordening en Milieubeheer;Verkeer en Waterstaat;
/images/7769_tcm118-114656.jpg;Anouchka van Miltenburg;;20 april 1967;Utrecht;Zaltbommel;2829 dagen;43;Vrouw;A.vMiltenburg@tweedekamer.nl;Volkspartij voor Vrijheid en Democratie  (VVD);Miltenburg, A. van;Buitenlandse Zaken;Onderwijs, Cultuur en Wetenschap;Volksgezondheid, Welzijn en Sport;Jeugd en Gezin;Nederlandse Groep van de Interparlementaire Unie;
/images/8029_tcm118-209116.jpg;Jacques Monasch;;4 januari 1962;Rotterdam;Sneek;134 dagen;48;Man;j.monasch@tweedekamer.nl;Partij van de Arbeid  (PVDA);Monasch, J.S.;Wonen, Wijken en Integratie;Defensie;Landbouw, Natuur en Voedselkwaliteit;Rijksuitgaven;Volkshuisvesting, Ruimtelijke Ordening en Milieubeheer;Verkeer en Waterstaat;
/images/8002_tcm118-193550.jpg;Richard de Mos;;5 mei 1976;Delft;Den Haag;423 dagen;34;Man;;Partij voor de vrijheid  (PVV);Mos, R. de;Landbouw, Natuur en Voedselkwaliteit;Onderwijs, Cultuur en Wetenschap;Volkshuisvesting, Ruimtelijke Ordening en Milieubeheer;Verkeer en Waterstaat;Jeugd en Gezin;
/images/8052_tcm118-209117.jpg;Anne Mulder;;14 december 1969;Hoogeveen;Den Haag;134 dagen;40;Man;a.mulder@tweedekamer.nl;Volkspartij voor Vrijheid en Democratie  (VVD);Mulder, A.;Financiën;Justitie;Rijksuitgaven;Volksgezondheid, Welzijn en Sport;Commissie voor de Verzoekschriften en de Burgerinitiatieven;
/images/7909_tcm118-114657.jpg;Helma Neppérus;;21 juni 1950;Amsterdam;Voorschoten;1429 dagen;60;Vrouw;h.nepperus@tweedekamer.nl;Volkspartij voor Vrijheid en Democratie  (VVD);Neppérus, H.;Economische Zaken;Financiën;Volkshuisvesting, Ruimtelijke Ordening en Milieubeheer;Verkeer en Waterstaat;Volksgezondheid, Welzijn en Sport;Strategisch Overleg Informatievoorziening;Commissie voor de Verzoekschriften en de Burgerinitiatieven;Tijdelijke commissie onderzoek financieel stelsel;
/images/6379_tcm118-114659.jpg;Atzo Nicolaï;;22 februari 1960;Delft;Amstelveen;3071 dagen;50;Man;a.nicolai@tweedekamer.nl;Volkspartij voor Vrijheid en Democratie  (VVD);Nicolaï, A;Buitenlandse Zaken;Defensie;Europese Zaken;Rijksuitgaven;Delegatie naar de Raadgevende Interparlementaire Beneluxraad;Interparlementaire commissie inzake de Nederlandse Taalunie;
/images/8049_tcm118-209118.jpg;Cora van Nieuwenhuizen;;12 juni 1963;Ridderkerk;Oisterwijk;134 dagen;47;Vrouw;c.vnieuwenhuizen@tweedekamer.nl;Volkspartij voor Vrijheid en Democratie  (VVD);Nieuwenhuizen, C. van;Economische Zaken;Rijksuitgaven;Volkshuisvesting, Ruimtelijke Ordening en Milieubeheer;Verkeer en Waterstaat;Volksgezondheid, Welzijn en Sport;
/images/7824_tcm118-114660.jpg;Pieter Omtzigt;;8 januari 1974;Den Haag;Enschede;2574 dagen;36;Man;pieter.omtzigt@tweedekamer.nl;Christen Democratisch Appel  (CDA);Omtzigt, P.H.;Delegatie naar de Parlementaire Vergadering van de Raad van Europa;Europese Veiligheids- en Defensie Assemblee;
/images/7701_tcm118-114661.jpg;Henk Jan Ormel;;15 december 1955;Utrecht;Hengelo (GLD);3081 dagen;54;Man;H.Ormel@tweedekamer.nl;Christen Democratisch Appel  (CDA);Ormel, H.J.;Defensie;Europese Zaken;Justitie;Landbouw, Natuur en Voedselkwaliteit;Nederlands-Antilliaanse en Arubaanse Zaken;Volkshuisvesting, Ruimtelijke Ordening en Milieubeheer;Volksgezondheid, Welzijn en Sport;Delegatie naar de Raadgevende Interparlementaire Beneluxraad;Contactgroep Duitsland;Delegatie naar de Navo Assemblee;Tijdelijke commissie subsidiariteitstoets;
/images/7905_tcm118-114662.jpg;Cynthia Ortega-Martijn;;9 februari 1956;Willemstad (Curacao);Rotterdam;1429 dagen;54;Vrouw;cynthia.ortega@tweedekamer.nl;ChristenUnie  (CU);Ortega-Martijn, C.A.;Wonen, Wijken en Integratie;Economische Zaken;Landbouw, Natuur en Voedselkwaliteit;Nederlands-Antilliaanse en Arubaanse Zaken;Onderwijs, Cultuur en Wetenschap;Sociale Zaken en Werkgelegenheid;Volkshuisvesting, Ruimtelijke Ordening en Milieubeheer;Volksgezondheid, Welzijn en Sport;Contactgroep Verenigd Koninkrijk;
/images/7918_tcm118-114663.jpg;Esther Ouwehand;;10 juni 1976;Katwijk;Leiden;1429 dagen;34;Vrouw;;Partij voor de dieren  (PVDD);Ouwehand, E.;Buitenlandse Zaken;Binnenlandse Zaken en Koninkrijksrelaties;Defensie;Europese Zaken;Economische Zaken;Financiën;Justitie;Landbouw, Natuur en Voedselkwaliteit;Nederlands-Antilliaanse en Arubaanse Zaken;Onderwijs, Cultuur en Wetenschap;Rijksuitgaven;Sociale Zaken en Werkgelegenheid;Volkshuisvesting, Ruimtelijke Ordening en Milieubeheer;Verkeer en Waterstaat;Volksgezondheid, Welzijn en Sport;Jeugd en Gezin;
/images/7857_tcm118-114665.jpg;Alexander Pechtold;;16 december 1965;Delft;Wageningen;1429 dagen;44;Man;a.pechtold@tweedekamer.nl;Democraten 66  (D66);Pechtold, A.;Wonen, Wijken en Integratie;Buitenlandse Zaken;Binnenlandse Zaken en Koninkrijksrelaties;Defensie;Europese Zaken;Justitie;Nederlands-Antilliaanse en Arubaanse Zaken;Onderwijs, Cultuur en Wetenschap;Commissie voor de Inlichtingen- en Veiligheidsdiensten;Kunstcommissie;Tijdelijke commissie subsidiariteitstoets;
/images/7889_tcm118-178835.jpg;Mariko Peters;;22 april 1969;Berkeley (VS);Den Haag;1318 dagen;41;Vrouw;m.peters@tweedekamer.nl;GroenLinks  (GL);Peters, M.;Buitenlandse Zaken;Binnenlandse Zaken en Koninkrijksrelaties;Defensie;Europese Zaken;Justitie;Nederlands-Antilliaanse en Arubaanse Zaken;Onderwijs, Cultuur en Wetenschap;Verkeer en Waterstaat;
/images/8020_tcm118-209119.jpg;Ronald Plasterk;;12 april 1957;Den Haag;Bussum;134 dagen;53;Man;r.plasterk@tweedekamer.nl;Partij van de Arbeid  (PVDA);Plasterk, R.H.A.;Financiën;Rijksuitgaven;Verkeer en Waterstaat;
/images/7906_tcm118-114668.jpg;Ronald van Raak;;30 oktober 1969;Hilvarenbeek;Amsterdam;1429 dagen;40;Man;rvraak@sp.nl;Socialistische Partij  (SP);Raak, A.A.G.M. van;Buitenlandse Zaken;Binnenlandse Zaken en Koninkrijksrelaties;Defensie;Europese Zaken;Justitie;Nederlands-Antilliaanse en Arubaanse Zaken;Rijksuitgaven;Delegatie naar de Raadgevende Interparlementaire Beneluxraad;Interparlementaire commissie inzake de Nederlandse Taalunie;Commissie voor de emolumenten;Presidium;Commissie voor de Verzoekschriften en de Burgerinitiatieven;Commissie voor de Werkwijze;
/images/8025_tcm118-209120.jpg;Jeroen Recourt;;4 juli 1970;Dordrecht;Haarlem;134 dagen;40;Man;j.recourt@tweedekamer.nl;Partij van de Arbeid  (PVDA);Recourt, J.;Buitenlandse Zaken;Justitie;Nederlands-Antilliaanse en Arubaanse Zaken;
/images/7916_tcm118-114671.jpg;Emile Roemer;;24 augustus 1962;Boxmeer;Sambeek;1429 dagen;48;Man;e.roemer@tweedekamer.nl;Socialistische Partij  (SP);Roemer, E.G.M.;Delegatie naar de Raadgevende Interparlementaire Beneluxraad;Commissie voor de Inlichtingen- en Veiligheidsdiensten;
/images/7888_tcm118-114673.jpg;Raymond de Roon;;1 september 1952;Amsterdam;Almere;1429 dagen;58;Man;r.deroon@tweedekamer.nl;Partij voor de vrijheid  (PVV);Roon, R. de;Buitenlandse Zaken;Binnenlandse Zaken en Koninkrijksrelaties;Europese Zaken;Justitie;Tijdelijke commissie subsidiariteitstoets;
/images/6098_tcm118-209121.jpg;André Rouvoet;;4 januari 1962;Hilversum;Woerden;4799 dagen;48;Man;a.rouvoet@tweedekamer.nl;ChristenUnie  (CU);Rouvoet, A.;Financiën;Justitie;Rijksuitgaven;Commissie voor de Inlichtingen- en Veiligheidsdiensten;
/images/7945_tcm118-120192.jpg;Sander de Rouwe;;1 november 1980;Bolsward;Bolsward;1338 dagen;29;Man;s.derouwe@tweedekamer.nl;Christen Democratisch Appel  (CDA);Rouwe, S. de;Economische Zaken;Nederlands-Antilliaanse en Arubaanse Zaken;Volkshuisvesting, Ruimtelijke Ordening en Milieubeheer;Verkeer en Waterstaat;
/images/7779_tcm118-114676.jpg;Diederik Samsom;;10 juli 1971;Groningen;Leiden;2829 dagen;39;Man;D.Samsom@tweedekamer.nl;Partij van de Arbeid  (PVDA);Samsom, D.M.;Buitenlandse Zaken;Defensie;Europese Zaken;Economische Zaken;Landbouw, Natuur en Voedselkwaliteit;Volkshuisvesting, Ruimtelijke Ordening en Milieubeheer;Verkeer en Waterstaat;
/images/7992_tcm118-169726.jpg;Jolande Sap;;22 mei 1963;Venlo;Amsterdam;787 dagen;47;Vrouw;j.sap@tweedekamer.nl;GroenLinks  (GL);Sap, J.C.M.;Financiën;Rijksuitgaven;Sociale Zaken en Werkgelegenheid;Volksgezondheid, Welzijn en Sport;Jeugd en Gezin;
/images/8059_tcm118-209122.jpg;Afke Schaart;;24 oktober 1973;Zwartsluis;Wassenaar;134 dagen;37;Vrouw;afke.schaart@tweedekamer.nl;Volkspartij voor Vrijheid en Democratie  (VVD);Schaart, A.H.M.;Binnenlandse Zaken en Koninkrijksrelaties;Economische Zaken;Financiën;Nederlands-Antilliaanse en Arubaanse Zaken;Volkshuisvesting, Ruimtelijke Ordening en Milieubeheer;
/images/8071_tcm118-209123.jpg;Gerard Schouw;;30 december 1965;Monster;Dordrecht;134 dagen;44;Man;g.schouw@tweedekamer.nl;Democraten 66  (D66);Schouw, A.G.;Buitenlandse Zaken;Binnenlandse Zaken en Koninkrijksrelaties;Europese Zaken;Justitie;Nederlands-Antilliaanse en Arubaanse Zaken;Commissie voor de Werkwijze;
/images/8106_tcm118-209189.jpg;James Sharpe;;9 november 1962;Eindhoven;Singeorgiu de Mures Romania;134 dagen;47;Man;j.sharpe@tweedekamer.nl;Partij voor de vrijheid  (PVV);Sharpe, J.E.J.W.;Europese Zaken;Economische Zaken;Volkshuisvesting, Ruimtelijke Ordening en Milieubeheer;Verkeer en Waterstaat;Volksgezondheid, Welzijn en Sport;
/images/7767_tcm118-114681.jpg;Arie Slob;;16 november 1961;Nieuwerkerk aan de Ijssel;Zwolle;3364 dagen;48;Man;A.Slob@tweedekamer.nl;ChristenUnie  (CU);Slob, A.;Binnenlandse Zaken en Koninkrijksrelaties;Justitie;Onderwijs, Cultuur en Wetenschap;Verkeer en Waterstaat;
/images/7786_tcm118-114682.jpg;Pauline Smeets;;10 februari 1959;Heerlen;Sittard;2829 dagen;51;Vrouw;P.Smeets@tweedekamer.nl;Partij van de Arbeid  (PVDA);Smeets, P.E.;Defensie;Economische Zaken;Financiën;Sociale Zaken en Werkgelegenheid;Volkshuisvesting, Ruimtelijke Ordening en Milieubeheer;Delegatie naar de Raadgevende Interparlementaire Beneluxraad;Contactgroep Duitsland;
/images/7763_tcm118-147639.jpg;Margreeth Smilde;;6 juni 1954;Leeuwarden;Eelde;2474 dagen;56;Vrouw;M.Smilde@tweedekamer.nl;Christen Democratisch Appel  (CDA);Smilde, M.C.A.;Binnenlandse Zaken en Koninkrijksrelaties;Financiën;Justitie;Landbouw, Natuur en Voedselkwaliteit;Rijksuitgaven;Sociale Zaken en Werkgelegenheid;Volksgezondheid, Welzijn en Sport;Commissie voor het Onderzoek van de Geloofsbrieven;Commissie voor de Werkwijze;
/images/7990_tcm118-157965.jpg;Manja Smits;;27 mei 1985;-;Den Haag;920 dagen;25;Vrouw;m.smits@tweedekamer.nl;Socialistische Partij  (SP);Smits, M.;Onderwijs, Cultuur en Wetenschap;Volkshuisvesting, Ruimtelijke Ordening en Milieubeheer;Jeugd en Gezin;
/images/6417_tcm118-114683.jpg;Janneke Snijder-Hazelhoff;;26 december 1952;Nieuwe-Pekela;Wagenborgen;3603 dagen;57;Vrouw;J.Snijder@tweedekamer.nl;Volkspartij voor Vrijheid en Democratie  (VVD);Snijder-Hazelhoff, J.F.;Europese Zaken;Landbouw, Natuur en Voedselkwaliteit;Volkshuisvesting, Ruimtelijke Ordening en Milieubeheer;Verkeer en Waterstaat;Volksgezondheid, Welzijn en Sport;
/images/7897_tcm118-114684.jpg;Hans Spekman;;6 april 1966;Zevenhuizen;Utrecht;1429 dagen;44;Man;h.spekman@tweedekamer.nl;Partij van de Arbeid  (PVDA);Spekman, J.L.;Financiën;Justitie;Nederlands-Antilliaanse en Arubaanse Zaken;Sociale Zaken en Werkgelegenheid;
/images/6373_tcm118-114686.jpg;Kees van der Staaij;;12 september 1968;Vlaardingen;Benthuizen;4546 dagen;42;Man;C.vdStaaij@tweedekamer.nl;Staatkundig Gereformeerde Partij  (SGP);Staaij, C.G. van der;Wonen, Wijken en Integratie;Buitenlandse Zaken;Binnenlandse Zaken en Koninkrijksrelaties;Defensie;Europese Zaken;Economische Zaken;Financiën;Justitie;Landbouw, Natuur en Voedselkwaliteit;Nederlands-Antilliaanse en Arubaanse Zaken;Onderwijs, Cultuur en Wetenschap;Rijksuitgaven;Sociale Zaken en Werkgelegenheid;Volkshuisvesting, Ruimtelijke Ordening en Milieubeheer;Verkeer en Waterstaat;Volksgezondheid, Welzijn en Sport;Jeugd en Gezin;Commissie voor de Inlichtingen- en Veiligheidsdiensten;Commissie voor de Werkwijze;Tijdelijke commissie subsidiariteitstoets;
/images/7710_tcm118-167246.jpg;Mirjam Sterk;;23 mei 1973;Zeist;Houten;2969 dagen;37;Vrouw;M.Sterk@tweedekamer.nl;Christen Democratisch Appel  (CDA);Sterk, W.R.C.;Wonen, Wijken en Integratie;Binnenlandse Zaken en Koninkrijksrelaties;Justitie;Nederlands-Antilliaanse en Arubaanse Zaken;Onderwijs, Cultuur en Wetenschap;Volksgezondheid, Welzijn en Sport;Jeugd en Gezin;Contactgroep Duitsland;
/images/8054_tcm118-209125.jpg;Ard van der Steur;;7 oktober 1969;Haarlem;Warmond;134 dagen;41;Man;secretariaat.vdsteur@tweedekamer.nl;Volkspartij voor Vrijheid en Democratie  (VVD);Steur, G.A. van der;Buitenlandse Zaken;Binnenlandse Zaken en Koninkrijksrelaties;Economische Zaken;Justitie;Nederlands-Antilliaanse en Arubaanse Zaken;
/images/8061_tcm118-213152.jpg;Karin Straus;;6 april 1971;Roermond;Roermond;3 dagen;39;Vrouw;k.straus@tweedekamer.nl;Volkspartij voor Vrijheid en Democratie  (VVD);Straus, K.C.J.;Vergaderingen;Plenaire vergaderingen;Commissievergaderingen;Live debatten;
/images/8062_tcm118-213154.jpg;Joost Taverne;;22 september 1971;Amstelveen;Amstelveen;3 dagen;39;Man;j.taverne@tweedekamer.nl;Volkspartij voor Vrijheid en Democratie  (VVD);Taverne, J.;Vergaderingen;Plenaire vergaderingen;Commissievergaderingen;Live debatten;
/images/7929_tcm118-114689.jpg;Marianne Thieme;;6 maart 1972;Ede;Maarssen;1429 dagen;38;Vrouw;;Partij voor de dieren  (PVDD);Thieme, M.L.;Wonen, Wijken en Integratie;Buitenlandse Zaken;Binnenlandse Zaken en Koninkrijksrelaties;Defensie;Europese Zaken;Economische Zaken;Financiën;Justitie;Landbouw, Natuur en Voedselkwaliteit;Nederlands-Antilliaanse en Arubaanse Zaken;Onderwijs, Cultuur en Wetenschap;Rijksuitgaven;Sociale Zaken en Werkgelegenheid;Volkshuisvesting, Ruimtelijke Ordening en Milieubeheer;Verkeer en Waterstaat;Volksgezondheid, Welzijn en Sport;Commissie voor de Inlichtingen- en Veiligheidsdiensten;
/images/6358_tcm118-209126.jpg;Frans Timmermans;;6 mei 1961;Maastricht;Heerlen;3336 dagen;49;Man;f.timmermans@tweedekamer.nl;Partij van de Arbeid  (PVDA);Timmermans, F.C.G.M.;Buitenlandse Zaken;Binnenlandse Zaken en Koninkrijksrelaties;Europese Zaken;Justitie;Nederlands-Antilliaanse en Arubaanse Zaken;Contactgroep Duitsland;
/images/8037_tcm118-209127.jpg;Liesbeth van Tongeren;;31 maart 1958;Vlaardingen;Amsterdam;134 dagen;52;Vrouw;l.vtongeren@tweedekamer.nl;GroenLinks  (GL);Tongeren, L. van;Europese Zaken;Economische Zaken;Landbouw, Natuur en Voedselkwaliteit;Volkshuisvesting, Ruimtelijke Ordening en Milieubeheer;Verkeer en Waterstaat;
/images/7947_tcm118-120194.jpg;Madeleine van Toorenburg;;10 mei 1968;Den Haag;Rosmalen;1338 dagen;42;Vrouw;m.vtoorenburg@tweedekamer.nl;Christen Democratisch Appel  (CDA);Toorenburg, M.M. van;Justitie;Nederlands-Antilliaanse en Arubaanse Zaken;Onderwijs, Cultuur en Wetenschap;Sociale Zaken en Werkgelegenheid;Volkshuisvesting, Ruimtelijke Ordening en Milieubeheer;Jeugd en Gezin;
/images/7989_tcm118-156589.jpg;Sabine Uitslag;;4 maart 1973;Westerhaar;Welsum;899 dagen;37;Vrouw;sabine.uitslag@tweedekamer.nl;Christen Democratisch Appel  (CDA);Uitslag, A.S.;Landbouw, Natuur en Voedselkwaliteit;Onderwijs, Cultuur en Wetenschap;Sociale Zaken en Werkgelegenheid;Verkeer en Waterstaat;Volksgezondheid, Welzijn en Sport;Jeugd en Gezin;Contactgroep Duitsland;
/images/7920_tcm118-114692.jpg;Paul Ulenbelt;;1 april 1952;Haaksbergen;Leiden;1429 dagen;58;Man;p.ulenbelt@tweedekamer.nl;Socialistische Partij  (SP);Ulenbelt, P.;Sociale Zaken en Werkgelegenheid;Volksgezondheid, Welzijn en Sport;
/images/7930_tcm118-114693.jpg;Eelke van der Veen;;21 juni 1946;Wonseradeel;Nieuwegein;1429 dagen;64;Man;e.vdveen@tweedekamer.nl;Partij van de Arbeid  (PVDA);Veen, E. van der;Economische Zaken;Financiën;Rijksuitgaven;Volksgezondheid, Welzijn en Sport;
/images/8073_tcm118-209128.jpg;Stientje van Veldhoven;;22 juni 1973;Utrecht;Rijswijk;134 dagen;37;Vrouw;s.vveldhoven@tweedekamer.nl;Democraten 66  (D66);Veldhoven, S. van;Wonen, Wijken en Integratie;Buitenlandse Zaken;Defensie;Europese Zaken;Economische Zaken;Financiën;Landbouw, Natuur en Voedselkwaliteit;Rijksuitgaven;Volkshuisvesting, Ruimtelijke Ordening en Milieubeheer;Verkeer en Waterstaat;
/images/8051_tcm118-209129.jpg;Tamara Venrooy-van Ark;;11 augustus 1974;Den Haag;Nieuwerkerk aan den IJssel;134 dagen;36;Vrouw;t.venrooy-vanark@tweedekamer.nl;Volkspartij voor Vrijheid en Democratie  (VVD);Venrooy-van Ark, T.;Onderwijs, Cultuur en Wetenschap;Sociale Zaken en Werkgelegenheid;Volksgezondheid, Welzijn en Sport;Jeugd en Gezin;
/images/7656_tcm118-114696.jpg;Gerdi Verbeet;;18 april 1951;Amsterdam;Amsterdam;3180 dagen;59;Vrouw;Voorzitter@tweedekamer.nl;Partij van de Arbeid  (PVDA);Verbeet, G.A.;Vergaderingen;Plenaire vergaderingen;Commissievergaderingen;Live debatten;
/images/6380_tcm118-209130.jpg;Gerda Verburg;;19 augustus 1957;Alphen aan den Rijn;Woerden;3336 dagen;53;Vrouw;g.verburg@tweedekamer.nl;Christen Democratisch Appel  (CDA);Verburg, G.;Vergaderingen;Plenaire vergaderingen;Commissievergaderingen;Live debatten;
/images/8075_tcm118-209132.jpg;Kees Verhoeven;;25 april 1976;Utrecht;Amsterdam;134 dagen;34;Man;k.verhoeven@tweedekamer.nl;Democraten 66  (D66);Verhoeven, K.;Wonen, Wijken en Integratie;Economische Zaken;Financiën;Landbouw, Natuur en Voedselkwaliteit;Sociale Zaken en Werkgelegenheid;Volkshuisvesting, Ruimtelijke Ordening en Milieubeheer;Verkeer en Waterstaat;
/images/7932_tcm118-114700.jpg;Roos Vermeij;;28 maart 1968;Den Haag;Den Haag;1429 dagen;42;Vrouw;r.vermeij@tweedekamer.nl;Partij van de Arbeid  (PVDA);Vermeij, R.A.;Buitenlandse Zaken;Binnenlandse Zaken en Koninkrijksrelaties;Financiën;Rijksuitgaven;Sociale Zaken en Werkgelegenheid;Volkshuisvesting, Ruimtelijke Ordening en Milieubeheer;Verkeer en Waterstaat;Volksgezondheid, Welzijn en Sport;Tijdelijke commissie onderzoek financieel stelsel;
/images/8091_tcm118-209133.jpg;Roland van Vliet;;25 november 1969;Susteren;Nederweert;134 dagen;40;Man;r.vvliet@tweedekamer.nl;Partij voor de vrijheid  (PVV);Vliet, R.A. van;Economische Zaken;Financiën;Landbouw, Natuur en Voedselkwaliteit;Rijksuitgaven;Volkshuisvesting, Ruimtelijke Ordening en Milieubeheer;
/images/7912_tcm118-114702.jpg;Joël Voordewind;;9 juli 1965;Sleen;Amsterdam;1429 dagen;45;Man;j.voordewind@tweedekamer.nl;ChristenUnie  (CU);Voordewind, J.S.;Wonen, Wijken en Integratie;Buitenlandse Zaken;Defensie;Europese Zaken;Nederlands-Antilliaanse en Arubaanse Zaken;Jeugd en Gezin;Contactgroep Frankrijk;
/images/8041_tcm118-209134.jpg;Linda Voortman;;27 juni 1979;Enschede;Utrecht;134 dagen;31;Vrouw;l.voortman@tweedekamer.nl;GroenLinks  (GL);Voortman, L.G.J.;Wonen, Wijken en Integratie;Binnenlandse Zaken en Koninkrijksrelaties;Justitie;Sociale Zaken en Werkgelegenheid;Volkshuisvesting, Ruimtelijke Ordening en Milieubeheer;Volksgezondheid, Welzijn en Sport;Jeugd en Gezin;
/images/7948_tcm118-120197.jpg;Esmé Wiegman-van Meppelen Scheppink;;24 juli 1975;Haarlem;Zwolle;1338 dagen;35;Vrouw;e.wiegman@tweedekamer.nl;ChristenUnie  (CU);Wiegman-van Meppelen Scheppink, E.E.;Buitenlandse Zaken;Defensie;Europese Zaken;Economische Zaken;Landbouw, Natuur en Voedselkwaliteit;Volkshuisvesting, Ruimtelijke Ordening en Milieubeheer;Volksgezondheid, Welzijn en Sport;Jeugd en Gezin;Contactgroep Duitsland;Presidium;Tijdelijke commissie subsidiariteitstoets;
/images/6400_tcm118-114708.jpg;Geert Wilders;;6 september 1963;Venlo;;4384 dagen;47;Man;g.wilders@tweedekamer.nl;Partij voor de vrijheid  (PVV);Wilders, G.;Buitenlandse Zaken;Delegatie naar de Navo Assemblee;Commissie voor de Inlichtingen- en Veiligheidsdiensten;
/images/6346_tcm118-114709.jpg;Jan de Wit;;10 mei 1945;Zevenbergen;Heerlen;4546 dagen;65;Man;jdewit@sp.nl;Socialistische Partij  (SP);Wit, J.M.A.M. de;Binnenlandse Zaken en Koninkrijksrelaties;Justitie;
/images/7883_tcm118-114710.jpg;Agnes Wolbert;;20 augustus 1958;Oldenzaal;Annen;1424 dagen;52;Vrouw;a.wolbert@tweedekamer.nl;Partij van de Arbeid  (PVDA);Wolbert, A.G.;Wonen, Wijken en Integratie;Binnenlandse Zaken en Koninkrijksrelaties;Defensie;Nederlands-Antilliaanse en Arubaanse Zaken;Volksgezondheid, Welzijn en Sport;Jeugd en Gezin;Contactgroep Duitsland;
/images/8053_tcm118-209135.jpg;Erik Ziengs;;27 september 1960;Smilde;Assen;134 dagen;50;Man;e.ziengs@tweedekamer.nl;Volkspartij voor Vrijheid en Democratie  (VVD);Ziengs, E.;Economische Zaken;Landbouw, Natuur en Voedselkwaliteit;Onderwijs, Cultuur en Wetenschap;Volkshuisvesting, Ruimtelijke Ordening en Milieubeheer;
